channel_id,life_time
0,2.67136422328312
1,15.002100307244085
2,4.614128559412367
