channel_id,life_time,error,count
0,2.694375,0.020954517338154097,8
1,27.692749999999997,0.3849154838240467,8
2,4.535625,0.01882147833925385,8
