channel_id,life_time,error,count
0,7855.093627324171,178.21980686113972,1237
1,12452.295991915926,272.49200165852227,1237
2,8048.709189975747,174.53794629627373,1237
3,10860.720829426029,231.6939847615723,1237
