channel_id,life_time
0,22.316192364832183
1,1.3623381643768715
2,6.072693566521009
