channel_id,life_time
0,3.0726171264364117
1,1.6085829410539307
2,4.809198545764409
3,2.370608341972276
4,4.314179889202575
