channel_id,life_time,error,count
0,2.1117662337662337,0.10248728414986356,77
1,2.6467272727272726,0.1060496859343839,77
2,5.286350649350649,0.263927751941018,77
3,1.8984025974025969,0.10372252100053024,77
4,15.284831168831166,1.3478973011916835,77
