channel_id,life_time
0,31239.3802710624
1,28438.727575481196
