channel_id,life_time,error,count
0,30639.715117878193,654.2297812025715,1018
1,27894.84812173913,638.4820402103251,1035
