channel_id,life_time
0,2.135912354543204
1,0.9999505610758755
