channel_id,life_time,error,count
0,2.0362999999999998,0.018162075872542763,10
1,1.0138,0.005015575739633493,10
