channel_id,life_time,error,count
0,7.5181084337349375,0.42115050241572677,83
1,5.568277108433735,0.36113985177861163,83
2,4.340048192771084,0.28523973099496397,83
3,1.8992530120481927,0.07235859284357771,83
4,3.0822289156626503,0.12040656718465798,83
5,2.0930000000000004,0.09318986218308838,83
