channel_id,life_time
0,7.7521016950327315
1,5.175263465338557
2,4.182145164694565
3,1.8816225470620846
4,2.7762089842585076
5,2.0277735841925084
