channel_id,life_time,error,count
0,2.066311688311688,0.10151268816875973,77
1,4.589389610389611,0.4029275366817744,77
