channel_id,life_time
0,2.292547300025495
1,5.231589488435348
