channel_id,life_time,error,count
0,2.6886666666666663,0.009109417186707476,6
