channel_id,life_time
0,2.6766097619932148
1,3.1641779231720655
2,4.70323719840106
