channel_id,life_time
0,1043.5405124514123
1,412.5611010231196
2,34.135213722478696
3,196.87157338170604
4,15.302800592328998
5,70.17674941699428
6,238.63202842216083
7,95.51920335421494
8,246.85670540600867
9,50.879643130986196
10,243.62690613959901
11,65.13412490025883
12,536.3758274783892
