channel_id,life_time,error,count
0,4.557333333333333,0.05808167939618724,6
1,8.273833333333334,0.20647644695739065,6
2,1.8915,0.011087405267038605,6
