channel_id,life_time
0,8.2389147273429
1,2.513362257766683
2,1.7966731209162032
