channel_id,life_time
0,7505.193677568498
1,12376.53920473395
2,7954.535860054669
3,14195.68449630618
