channel_id,life_time,error,count
0,4863.0382209631725,126.79584256812458,1059
1,4638.579558073655,122.13550347947628,1059
