channel_id,life_time
0,29.82131795729157
1,29.731076306743464
2,28.97493286076606
3,23.11304955294328
4,23.67719063671288
5,54.351225162218256
6,21.620635976040223
7,87.57327615276317
8,44.968018062843164
9,31.353107630282555
