channel_id,life_time,error,count
0,29.655666666666665,4.96001864542493,3
1,27.729,7.125163499098732,3
2,28.846333333333334,8.111022080181092,3
3,29.507333333333335,6.086985795455258,3
4,29.908666666666665,2.9723627837998707,3
5,63.410666666666664,17.616972563306568,3
6,30.236333333333334,7.5802963051634125,3
7,52.604000000000006,11.504807410624291,3
8,65.03666666666668,10.698938933197828,3
9,30.420666666666666,5.019794912440445,3
