channel_id,life_time,error,count
0,6.608199999999999,0.095168461162299,10
1,1.5198,0.00455806976690793,10
