channel_id,life_time
0,5.038627147250891
1,1.4819567118269903
