channel_id,life_time,error,count
0,4.953369047619048,0.3931408844671527,84
1,1.4466904761904762,0.06168546315894333,84
