channel_id,life_time
0,6.28062587777929
1,1.424268460856679
