channel_id,life_time
0,2.686099789416136
1,4.27229578423316
2,2.6910373635189084
