channel_id,life_time,error,count
0,2.745285714285714,0.025079233043080795,7
1,4.015285714285715,0.015438772138068331,7
2,2.753571428571429,0.014124601699794672,7
