channel_id,life_time,error,count
0,5.2323037974683535,0.4356277718804553,79
1,1.5598734177215188,0.06708462459418217,79
