channel_id,life_time,error,count
0,3.042125,0.057581582748957166,8
1,4.151999999999999,0.08211196624122458,8
2,3.55375,0.02556532686080898,8
