channel_id,life_time
0,3.056304551607157
1,4.135723194280159
2,3.4190907683479024
