channel_id,life_time
0,0.01634850512195742
1,0.011889377749241526
2,0.013136865392776335
3,0.008011539998784437
4,0.008819357566810456
