channel_id,life_time,ebc
0,18177.665164732323
1,47197.00448045227
2,52865.24068031155
3,93919.14122126461
