channel_id,life_time,error,count
0,3.3973298969072165,0.1719416285572435,97
1,1.7285670103092783,0.060525357745487604,97
2,5.384298969072164,0.24046006854963067,97
3,2.5298556701030925,0.10621089477707324,97
4,4.643247422680412,0.25728309367789903,97
