channel_id,life_time,error,count
0,3424.3550356865794,74.83155243316445,1289
