channel_id,life_time,error,count
0,2.6087777777777776,0.027947825188816326,9
1,3.2093333333333334,0.04119301151325143,9
2,3.640777777777778,0.056523081219643466,9
