channel_id,life_time
0,2.8994167474529773
1,3.5626856114326526
2,3.7731207457771965
