channel_id,life_time,error,count
0,439.209390858944,9.595274385149477,1269
