channel_id,life_time
0,4362.316919897334
1,4225.798150232085
