channel_id,life_time,error,count
0,19196.32654522613,813.1308139014592,398
1,48379.08434924623,1793.558740697175,398
2,52048.53905025125,1947.9860572759897,398
3,69623.80307286434,2723.3271799703266,398
