channel_id,life_time,error,count
0,7.889,0.22334762143349546,10
1,1.6042,0.007772772992954307,10
