channel_id,life_time
0,5.403056887108391
1,1.4999885559518582
