channel_id,life_time,error,count
0,3.4683333333333333,0.022053246450632735,9
1,3.1335555555555556,0.0424744254529511,9
2,10.548666666666668,0.10724093101027526,9
3,1.8982222222222223,0.0144638995286458,9
4,7.588222222222222,0.13243808502422333,9
5,1.9602222222222225,0.014453653284843387,9
