channel_id,life_time
0,3.3092951714386727
1,3.2055260744136747
2,11.015012490603922
3,1.9999609314389502
4,7.4717275625260635
5,1.9636083078756315
