channel_id,life_time,error,count
0,14.052461538461538,0.8220940617325443,13
1,1.4723076923076923,0.07358683512110469,13
