channel_id,life_time
0,8.778657666784222
1,1.4725665691854615
