channel_id,life_time
0,5.184008903337241
1,3.932641120481112
2,1.5181860969233232
3,1.8866283124087817
