channel_id,life_time,error,count
0,4.196,0.14861948055352636,8
1,3.7203749999999998,0.07406435915388049,8
2,1.4581250000000001,0.013238718664394987,8
3,1.8820000000000001,0.009971835337589566,8
