channel_id,life_time,error,count
0,2.2235,0.04462552520699339,8
1,2.839375,0.040397608801450116,8
2,4.5603750000000005,0.045416798069381786,8
