channel_id,life_time
0,2.5943958298780703
1,3.1175591857325173
2,4.572144034184997
